Act,AreaId,AreaName,InCampaign100Route,InAnyPercentBaseline,SourceNote
1,G1_1,The Riverbank,true,true,SavageOranges patch-0.5 table
1,G1_town,Clearfell Encampment,true,true,SavageOranges patch-0.5 table
1,G1_2,Clearfell,true,true,SavageOranges patch-0.5 table
1,G1_3,Mud Burrow,true,false,SavageOranges patch-0.5 table
1,G1_4,The Grelwood,true,true,SavageOranges patch-0.5 table
1,G1_5,The Red Vale,true,true,SavageOranges patch-0.5 table
1,G1_6,The Grim Tangle,true,true,SavageOranges patch-0.5 table
1,G1_7,Cemetery of the Eternals,true,true,SavageOranges patch-0.5 table
1,G1_9,Tomb of the Consort,true,true,SavageOranges patch-0.5 table
1,G1_8,Mausoleum of the Praetor,true,true,SavageOranges patch-0.5 table
1,G1_11,Hunting Grounds,true,true,SavageOranges patch-0.5 table
1,G1_12,Freythorn,true,false,SavageOranges patch-0.5 table
1,G1_13_1,Ogham Farmlands,true,true,SavageOranges patch-0.5 table
1,G1_13_2,Ogham Village,true,true,SavageOranges patch-0.5 table
1,G1_14,The Manor Ramparts,true,true,SavageOranges patch-0.5 table
1,G1_15,Ogham Manor,true,true,SavageOranges patch-0.5 table
1,ExpeditionSubArea_Kalguur_Act1,Lost Catacombs,true,false,Runes of Aldur story area; 100% test counts first entry
2,G2_1,Vastiri Outskirts,true,true,SavageOranges patch-0.5 table
2,G2_town,The Ardura Caravan,true,true,SavageOranges patch-0.5 table
2,G2_3a,The Halani Gates (blocked),true,true,SavageOranges patch-0.5 table
2,G2_10_1,Mawdun Quarry,true,true,SavageOranges patch-0.5 table
2,G2_10_2,Mawdun Mine,true,true,SavageOranges patch-0.5 table
2,G2_2,Traitor's Passage,true,true,SavageOranges patch-0.5 table
2,G2_3,The Halani Gates,true,true,SavageOranges patch-0.5 table
2,G2_4_1,Keth,true,true,SavageOranges patch-0.5 table
2,G2_4_2,The Lost City,true,true,SavageOranges patch-0.5 table
2,G2_4_3,Buried Shrines,true,true,SavageOranges patch-0.5 table
2,G2_5_1,Mastodon Badlands,true,true,SavageOranges patch-0.5 table
2,Abyss_Intro,Lightless Passage,true,false,SavageOranges patch-0.5 table
2,Abyss_Hub,The Well of Souls,true,false,SavageOranges patch-0.5 table
2,G2_5_2,The Bone Pits,true,true,SavageOranges patch-0.5 table
2,G2_6,Valley of the Titans,true,true,SavageOranges patch-0.5 table
2,G2_7,The Titan Grotto,true,true,SavageOranges patch-0.5 table
2,ExpeditionSubArea_Kalguur_Act2,Skull of the Titan,true,false,Runes of Aldur story area
2,G2_8,Deshar,true,true,SavageOranges patch-0.5 table
2,G2_9_1,Path of Mourning,true,true,SavageOranges patch-0.5 table
2,G2_9_2,The Spires of Deshar,true,true,SavageOranges patch-0.5 table
2,G2_13,Trial of the Sekhemas,true,false,SavageOranges patch-0.5 table
2,G2_12,Dreadnought,true,true,SavageOranges patch-0.5 table
3,G3_1,Sandswept Marsh,true,true,SavageOranges patch-0.5 table
3,G3_town,Ziggurat Encampment,true,true,SavageOranges patch-0.5 table
3,G3_3,Jungle Ruins,true,true,SavageOranges patch-0.5 table
3,G3_4,The Venom Crypts,true,false,SavageOranges patch-0.5 table
3,G3_2_1,Infested Barrens,true,true,SavageOranges patch-0.5 table
3,ExpeditionSubArea_Kalguur_Act3,Mystic Refuge,true,false,Two-part visit; 100% route intentionally counts first entry only
3,G3_5,Chimeral Wetlands,true,true,SavageOranges patch-0.5 table
3,G3_6_1,Jiquani's Machinarium,true,true,SavageOranges patch-0.5 table
3,G3_6_2,Jiquani's Sanctum,true,true,SavageOranges patch-0.5 table
3,G3_2_2,The Matlan Waterways,true,true,SavageOranges patch-0.5 table
3,G3_7,The Azak Bog,true,false,SavageOranges patch-0.5 table
3,G3_8,The Drowned City,true,true,SavageOranges patch-0.5 table
3,G3_9,The Molten Vault,true,false,SavageOranges patch-0.5 table
3,G3_11,Apex of Filth,true,true,SavageOranges patch-0.5 table
3,G3_12,Temple of Kopec,true,true,SavageOranges patch-0.5 table
3,G3_10_Airlock,The Temple of Chaos,true,false,SavageOranges patch-0.5 table
3,G3_14,Utzaal,true,true,SavageOranges patch-0.5 table
3,G3_16,Aggorat,true,true,SavageOranges patch-0.5 table
3,G3_17,The Black Chambers,true,true,SavageOranges patch-0.5 table
4,G4_town,Kingsmarch,true,true,SavageOranges patch-0.5 table
4,G4_1_1,Isle of Kin,true,true,SavageOranges patch-0.5 table
4,G4_1_2,Volcanic Warrens,true,true,SavageOranges patch-0.5 table
4,G4_4_1,Eye of Hinekora,true,false,SavageOranges patch-0.5 table
4,G4_4_2,Halls of the Dead,true,false,SavageOranges patch-0.5 table
4,G4_4_3,Trial of the Ancestors,true,false,SavageOranges patch-0.5 table
4,G4_2_1,Kedge Bay,true,false,SavageOranges patch-0.5 table
4,G4_2_2,Journey's End,true,false,SavageOranges patch-0.5 table
4,G4_5_1,Abandoned Prison,true,true,SavageOranges patch-0.5 table
4,G4_5_2,Solitary Confinement,true,true,SavageOranges patch-0.5 table
4,G4_3_1,Whakapanu Island,true,false,SavageOranges patch-0.5 table
4,G4_3_2,Singing Caverns,true,false,SavageOranges patch-0.5 table
4,G4_7,Shrike Island,true,true,SavageOranges patch-0.5 table
4,G4_8b,Arastas,true,true,SavageOranges patch-0.5 table
4,G4_10,The Excavation,true,true,SavageOranges patch-0.5 table
4,G4_11_1b,Ngakanu,true,true,SavageOranges patch-0.5 table
4,G4_11_2,Heart of the Tribe,true,true,SavageOranges patch-0.5 table
4,G4_13,Plunder's Point,true,false,SavageOranges patch-0.5 table
4,ExpeditionSubArea_Kalguur_Act4,Deserted Post,false,false,Reference-only subarea of Plunder's Point; no independent Client.txt area transition; not splittable
Interlude 1,P1_Town,The Refuge,true,true,SavageOranges patch-0.5 table
Interlude 1,P1_1,Scorched Farmlands,true,true,SavageOranges patch-0.5 table
Interlude 1,P1_2,Stones of Serle,true,true,SavageOranges patch-0.5 table
Interlude 1,P1_3,The Blackwood,true,true,SavageOranges patch-0.5 table
Interlude 1,P1_4,Holten,true,true,SavageOranges patch-0.5 table
Interlude 1,P1_5,Wolvenhold,true,true,SavageOranges patch-0.5 table
Interlude 1,P1_6,Holten Estate,true,true,SavageOranges patch-0.5 table
Interlude 2,P2_Town,The Khari Bazaar,true,true,SavageOranges patch-0.5 table
Interlude 2,P2_1,The Khari Crossing,true,true,SavageOranges patch-0.5 table
Interlude 2,P2_2,Pools of Khatal,true,true,SavageOranges patch-0.5 table
Interlude 2,P2_3,Sel Khari Sanctuary,true,true,SavageOranges patch-0.5 table
Interlude 2,P2_5,The Galai Gates,true,true,SavageOranges patch-0.5 table
Interlude 2,P2_6,Qimah,true,true,SavageOranges patch-0.5 table
Interlude 2,P2_7,Qimah Reservoir,true,true,SavageOranges patch-0.5 table
Interlude 3,P3_Town,The Glade,true,true,SavageOranges patch-0.5 table
Interlude 3,P3_1,Ashen Forest,true,true,SavageOranges patch-0.5 table
Interlude 3,P3_2,Kriar Village,true,true,SavageOranges patch-0.5 table
Interlude 3,P3_3,Glacial Tarn,true,true,SavageOranges patch-0.5 table
Interlude 3,P3_4,Howling Caves,true,false,SavageOranges patch-0.5 table
Interlude 3,P3_5,Kriar Peaks,true,true,SavageOranges patch-0.5 table
Interlude 3,P3_6,Etched Ravine,true,true,SavageOranges patch-0.5 table
Interlude 3,P3_7,The Cuachic Vault,true,true,SavageOranges patch-0.5 table
Endgame,G_Endgame_Town,The Ziggurat Refuge,true,true,SavageOranges patch-0.5 table
